id,eval_index,category,complexity,pass1_label,pass1_diagnosis,pass1_correct,final_correct,recovered,E,V,G,misses,bad_eqs
p1_00001,0,counting,simple,GOOD,,True,True,False,1.0,1.0,1.0,0,0
p1_00002,1,time,simple,MEDIUM_CORRECT,,True,True,False,1.0,0.0,1.0,0,0
p1_00003,2,monetary,simple,MEDIUM_CORRECT,,True,True,False,1.0,0.0,1.0,0,0
p1_00004,3,counting,simple,GOOD,,True,True,False,1.0,1.0,1.0,0,0
p1_00005,4,time,simple,BAD_WRONG,AL,False,False,False,0.3333333333333333,1.0,1.0,2,0
p1_00006,5,counting,simple,GOOD,,True,True,False,1.0,1.0,1.0,0,0
p1_00007,6,counting,medium,MEDIUM_CORRECT,,True,True,False,1.0,1.0,1.0,0,0
p1_00008,7,logic,simple,MEDIUM_CORRECT,,True,True,False,1.0,0.0,1.0,0,0
p1_00009,8,monetary,complex,MEDIUM_CORRECT,,True,True,False,1.0,1.0,1.0,0,0
p1_00010,9,counting,simple,MEDIUM_CORRECT,,True,True,False,1.0,0.5,1.0,0,1
p1_00011,10,monetary,complex,MEDIUM_CORRECT,,True,True,False,1.0,0.6666666666666666,1.0,0,1
p1_00012,11,counting,simple,GOOD,,True,True,False,1.0,1.0,1.0,0,0
p1_00013,12,monetary,simple,MEDIUM_CORRECT,,True,True,False,1.0,1.0,1.0,0,0
p1_00014,13,time,simple,MEDIUM_CORRECT,,True,True,False,0.5,0.0,1.0,1,0
p1_00015,14,time,complex,BAD_WRONG,AL,False,False,False,0.0,0.8571428571428571,1.0,6,1
p1_00016,15,monetary,medium,MEDIUM_CORRECT,,True,True,False,1.0,1.0,1.0,0,0
p1_00017,16,counting,medium,MEDIUM_CORRECT,,True,True,False,1.0,0.7777777777777778,1.0,0,2
p1_00018,17,time,simple,MEDIUM_CORRECT,,True,True,False,0.8,1.0,1.0,1,0
p1_00019,18,counting,simple,MEDIUM_CORRECT,,True,True,False,1.0,0.8333333333333334,1.0,0,1
p1_00020,19,counting,simple,GOOD,,True,True,False,1.0,1.0,1.0,0,0
p1_00021,20,time,simple,GOOD,,True,True,False,1.0,1.0,1.0,0,0
p1_00022,21,counting,complex,GOOD,,True,True,False,1.0,1.0,0.7777777777777778,0,0
p1_00023,22,counting,simple,MEDIUM_CORRECT,,True,True,False,1.0,0.0,1.0,0,0
p1_00024,23,counting,medium,GOOD,,True,True,False,1.0,1.0,1.0,0,0
p1_00025,24,counting,simple,GOOD,,True,True,False,1.0,1.0,0.6666666666666666,0,0
p1_00026,25,monetary,simple,MEDIUM_CORRECT,,True,True,False,0.0,1.0,1.0,0,0
p1_00027,26,counting,simple,GOOD,,True,True,False,1.0,1.0,1.0,0,0
p1_00028,27,monetary,simple,GOOD,,True,True,False,1.0,1.0,1.0,0,0
p1_00029,28,logic,medium,BAD_WRONG,TR,False,False,False,1.0,0.0,1.0,0,0
p1_00030,29,counting,medium,MEDIUM_CORRECT,,True,True,False,0.6666666666666666,0.0,1.0,1,0
p1_00031,30,time,simple,GOOD,,True,True,False,1.0,1.0,1.0,0,0
p1_00032,31,counting,medium,GOOD,,True,True,False,1.0,1.0,0.6666666666666666,0,0
p1_00033,32,monetary,simple,GOOD,,True,True,False,1.0,1.0,1.0,0,0
p1_00034,33,monetary,complex,MEDIUM_CORRECT,,True,True,False,1.0,1.0,1.0,0,0
p1_00035,34,counting,simple,GOOD,,True,True,False,1.0,1.0,1.0,0,0
p1_00036,35,counting,medium,GOOD,,True,True,False,1.0,1.0,1.0,0,0
p1_00037,36,monetary,medium,GOOD,,True,True,False,1.0,1.0,1.0,0,0
p1_00038,37,monetary,simple,MEDIUM_CORRECT,,True,True,False,1.0,1.0,1.0,0,0
p1_00039,38,counting,simple,MEDIUM_CORRECT,,True,True,False,1.0,1.0,1.0,0,0
p1_00040,39,monetary,medium,MEDIUM_CORRECT,,True,True,False,1.0,1.0,1.0,0,0
p1_00041,40,monetary,complex,MEDIUM_CORRECT,,True,True,False,1.0,1.0,1.0,0,0
p1_00042,41,time,simple,MEDIUM_CORRECT,,True,True,False,1.0,1.0,1.0,0,0
p1_00043,42,counting,simple,GOOD,,True,True,False,1.0,1.0,1.0,0,0
p1_00044,43,counting,simple,MEDIUM_CORRECT,,True,True,False,1.0,1.0,1.0,0,0
p1_00045,44,monetary,simple,MEDIUM_CORRECT,,True,True,False,1.0,1.0,1.0,0,0
p1_00046,45,monetary,complex,GOOD,,True,True,False,1.0,1.0,1.0,0,0
p1_00047,46,counting,simple,MEDIUM_CORRECT,,True,True,False,1.0,1.0,1.0,0,0
p1_00048,47,monetary,medium,MEDIUM_CORRECT,,True,True,False,1.0,1.0,1.0,0,0
p1_00049,48,monetary,simple,MEDIUM_WRONG,AL,False,True,True,1.0,1.0,1.0,0,0
p1_00050,49,time,simple,MEDIUM_CORRECT,,True,True,False,1.0,0.0,1.0,0,0
p1_00051,50,counting,simple,GOOD,,True,True,False,1.0,1.0,1.0,0,0
p1_00052,51,rate,complex,MEDIUM_CORRECT,,True,True,False,1.0,1.0,0.8333333333333334,0,0
p1_00053,52,counting,medium,GOOD,,True,True,False,1.0,1.0,1.0,0,0
p1_00054,53,counting,simple,BAD_WRONG,CE,False,False,False,0.6,0.0,1.0,2,0
p1_00055,54,counting,simple,MEDIUM_CORRECT,,True,True,False,1.0,1.0,1.0,0,0
p1_00056,55,counting,simple,BAD_WRONG,WP,False,False,False,0.3333333333333333,1.0,1.0,2,0
p1_00057,56,time,simple,MEDIUM_CORRECT,,True,True,False,1.0,0.75,1.0,0,1
p1_00058,57,monetary,simple,GOOD,,True,True,False,1.0,1.0,1.0,0,0
p1_00059,58,time,complex,GOOD,,True,True,False,1.0,1.0,1.0,0,0
p1_00060,59,counting,medium,MEDIUM_CORRECT,,True,True,False,0.75,1.0,0.8333333333333334,1,0
p1_00061,60,counting,simple,GOOD,,True,True,False,1.0,1.0,1.0,0,0
p1_00062,61,counting,simple,GOOD,,True,True,False,1.0,1.0,1.0,0,0
p1_00063,62,counting,medium,GOOD,,True,True,False,1.0,1.0,1.0,0,0
p1_00064,63,logic,simple,MEDIUM_CORRECT,,True,True,False,1.0,1.0,1.0,0,0
p1_00065,64,counting,medium,MEDIUM_CORRECT,,True,True,False,1.0,1.0,1.0,0,0
p1_00066,65,time,simple,MEDIUM_CORRECT,,True,True,False,1.0,1.0,1.0,0,0
p1_00067,66,monetary,complex,MEDIUM_CORRECT,,True,True,False,1.0,1.0,1.0,0,0
p1_00068,67,counting,simple,GOOD,,True,True,False,1.0,1.0,1.0,0,0
p1_00069,68,time,simple,BAD_WRONG,TR,False,True,True,1.0,0.0,1.0,0,0
p1_00070,69,counting,medium,GOOD,,True,True,False,1.0,1.0,1.0,0,0
p1_00071,70,time,simple,GOOD,,True,True,False,1.0,1.0,1.0,0,0
p1_00072,71,time,medium,BAD_WRONG,TR,False,True,True,0.16666666666666666,1.0,0.5,5,0
p1_00073,72,time,medium,GOOD,,True,True,False,1.0,1.0,1.0,0,0
p1_00074,73,counting,medium,MEDIUM_CORRECT,,True,True,False,1.0,1.0,1.0,0,0
p1_00075,74,counting,simple,GOOD,,True,True,False,1.0,1.0,1.0,0,0
p1_00076,75,time,simple,BAD_WRONG,AL,False,True,True,1.0,0.0,1.0,0,0
p1_00077,76,monetary,simple,GOOD,,True,True,False,1.0,1.0,0.6666666666666666,0,0
p1_00078,77,rate,simple,MEDIUM_CORRECT,,True,True,False,1.0,1.0,1.0,0,0
p1_00079,78,counting,simple,MEDIUM_CORRECT,,True,True,False,1.0,1.0,1.0,0,0
p1_00080,79,counting,simple,MEDIUM_CORRECT,,True,True,False,0.6666666666666666,1.0,1.0,1,0
p1_00081,80,time,medium,GOOD,,True,True,False,1.0,1.0,0.6666666666666666,0,0
p1_00082,81,rate,medium,MEDIUM_CORRECT,,True,True,False,1.0,0.0,1.0,0,0
p1_00083,82,rate,simple,MEDIUM_CORRECT,,True,True,False,0.4,1.0,1.0,3,0
p1_00084,83,monetary,simple,MEDIUM_CORRECT,,True,True,False,1.0,0.0,1.0,0,0
p1_00085,84,rate,simple,MEDIUM_CORRECT,,True,True,False,1.0,0.0,1.0,0,0
p1_00086,85,rate,simple,MEDIUM_CORRECT,,True,True,False,1.0,1.0,1.0,0,0
p1_00087,86,rate,medium,GOOD,,True,True,False,1.0,1.0,1.0,0,0
p1_00088,87,counting,medium,BAD_WRONG,AL,False,True,True,0.5,1.0,1.0,1,0
p1_00089,88,counting,simple,MEDIUM_CORRECT,,True,True,False,1.0,0.5714285714285714,1.0,0,3
p1_00090,89,counting,simple,MEDIUM_WRONG,WP,False,False,False,1.0,1.0,1.0,0,0
p1_00091,90,counting,simple,MEDIUM_CORRECT,,True,True,False,1.0,1.0,1.0,0,0
p1_00092,91,counting,simple,MEDIUM_CORRECT,,True,True,False,1.0,1.0,1.0,0,0
p1_00093,92,rate,simple,GOOD,,True,True,False,1.0,1.0,1.0,0,0
p1_00094,93,counting,complex,MEDIUM_CORRECT,,True,True,False,0.5,1.0,1.0,3,0
p1_00095,94,counting,simple,MEDIUM_CORRECT,,True,True,False,1.0,0.0,1.0,0,0
p1_00096,95,counting,simple,GOOD,,True,True,False,1.0,1.0,1.0,0,0
p1_00097,96,counting,medium,MEDIUM_CORRECT,,True,True,False,1.0,0.0,0.8,0,0
p1_00098,97,rate,medium,GOOD,,True,True,False,1.0,1.0,1.0,0,0
p1_00099,98,counting,simple,MEDIUM_CORRECT,,True,True,False,0.0,0.5,1.0,0,1
p1_00100,99,monetary,simple,GOOD,,True,True,False,1.0,1.0,1.0,0,0
p1_00101,100,monetary,simple,GOOD,,True,True,False,1.0,1.0,1.0,0,0
p1_00102,101,time,simple,MEDIUM_CORRECT,,True,True,False,0.75,1.0,1.0,1,0
p1_00103,102,time,simple,GOOD,,True,True,False,1.0,1.0,1.0,0,0
p1_00104,103,counting,simple,GOOD,,True,True,False,1.0,1.0,1.0,0,0
p1_00105,104,counting,simple,MEDIUM_CORRECT,,True,True,False,1.0,0.0,1.0,0,0
p1_00106,105,rate,simple,MEDIUM_CORRECT,,True,True,False,0.8,1.0,1.0,1,0
p1_00107,106,counting,simple,MEDIUM_CORRECT,,True,True,False,1.0,1.0,1.0,0,0
p1_00108,107,counting,simple,BAD_WRONG,AL,False,True,True,0.0,1.0,1.0,2,0
p1_00109,108,counting,simple,GOOD,,True,True,False,1.0,1.0,1.0,0,0
p1_00110,109,time,simple,MEDIUM_CORRECT,,True,True,False,1.0,1.0,1.0,0,0
p1_00111,110,rate,simple,GOOD,,True,True,False,1.0,1.0,1.0,0,0
p1_00112,111,counting,medium,MEDIUM_CORRECT,,True,True,False,0.6666666666666666,0.8333333333333334,1.0,1,1
p1_00113,112,monetary,medium,MEDIUM_CORRECT,,True,True,False,1.0,1.0,1.0,0,0
p1_00114,113,counting,simple,MEDIUM_CORRECT,,True,True,False,1.0,1.0,1.0,0,0
p1_00115,114,time,simple,GOOD,,True,True,False,1.0,1.0,1.0,0,0
p1_00116,115,counting,simple,GOOD,,True,True,False,1.0,1.0,1.0,0,0
p1_00117,116,counting,simple,MEDIUM_CORRECT,,True,True,False,1.0,1.0,1.0,0,0
p1_00118,117,counting,simple,MEDIUM_CORRECT,,True,True,False,1.0,0.0,1.0,0,0
p1_00119,118,monetary,simple,BAD_WRONG,AL,False,True,True,0.5,0.6666666666666666,1.0,1,1
p1_00120,119,counting,complex,GOOD,,True,True,False,1.0,1.0,1.0,0,0
p1_00121,120,monetary,simple,GOOD,,True,True,False,1.0,1.0,1.0,0,0
p1_00122,121,counting,medium,MEDIUM_CORRECT,,True,True,False,1.0,0.6666666666666666,1.0,0,1
p1_00123,122,monetary,complex,MEDIUM_CORRECT,,True,True,False,1.0,0.875,1.0,0,1
p1_00124,123,counting,simple,MEDIUM_CORRECT,,True,True,False,0.0,0.5,1.0,0,1
p1_00125,124,counting,simple,GOOD,,True,True,False,1.0,1.0,1.0,0,0
p1_00126,125,monetary,medium,GOOD,,True,True,False,1.0,1.0,1.0,0,0
p1_00127,126,counting,simple,MEDIUM_CORRECT,,True,True,False,1.0,1.0,1.0,0,0
p1_00128,127,counting,medium,MEDIUM_CORRECT,,True,True,False,0.8,0.75,1.0,1,2
p1_00129,128,time,simple,MEDIUM_CORRECT,,True,True,False,1.0,1.0,1.0,0,0
p1_00130,129,counting,simple,GOOD,,True,True,False,1.0,1.0,1.0,0,0
p1_00131,130,time,simple,MEDIUM_CORRECT,,True,True,False,1.0,1.0,1.0,0,0
p1_00132,131,time,simple,MEDIUM_CORRECT,,True,True,False,1.0,1.0,1.0,0,0
p1_00133,132,time,simple,MEDIUM_CORRECT,,True,True,False,1.0,1.0,1.0,0,0
p1_00134,133,counting,medium,GOOD,,True,True,False,1.0,1.0,1.0,0,0
p1_00135,134,counting,simple,GOOD,,True,True,False,1.0,1.0,1.0,0,0
p1_00136,135,counting,simple,MEDIUM_CORRECT,,True,True,False,0.0,1.0,1.0,0,0
p1_00137,136,counting,simple,MEDIUM_CORRECT,,True,True,False,1.0,0.875,1.0,0,1
p1_00138,137,monetary,simple,GOOD,,True,True,False,1.0,1.0,1.0,0,0
p1_00139,138,monetary,medium,GOOD,,True,True,False,1.0,1.0,1.0,0,0
p1_00140,139,counting,simple,MEDIUM_CORRECT,,True,True,False,1.0,1.0,1.0,0,0
p1_00141,140,monetary,simple,GOOD,,True,True,False,1.0,1.0,1.0,0,0
p1_00142,141,counting,medium,GOOD,,True,True,False,1.0,1.0,1.0,0,0
p1_00143,142,time,simple,GOOD,,True,True,False,1.0,1.0,1.0,0,0
p1_00144,143,time,simple,GOOD,,True,True,False,1.0,1.0,1.0,0,0
p1_00145,144,monetary,simple,BAD_WRONG,AL,False,False,False,0.0,1.0,0.0,3,0
p1_00146,145,monetary,complex,GOOD,,True,True,False,1.0,1.0,1.0,0,0
p1_00147,146,counting,simple,GOOD,,True,True,False,1.0,1.0,1.0,0,0
p1_00148,147,time,medium,GOOD,,True,True,False,1.0,1.0,1.0,0,0
p1_00149,148,time,simple,GOOD,,True,True,False,1.0,1.0,1.0,0,0
p1_00150,149,time,simple,BAD_WRONG,AL,False,False,False,1.0,1.0,1.0,0,0
p1_00151,150,time,simple,MEDIUM_CORRECT,,True,True,False,1.0,1.0,1.0,0,0
p1_00152,151,time,simple,GOOD,,True,True,False,1.0,1.0,1.0,0,0
p1_00153,152,counting,medium,MEDIUM_CORRECT,,True,True,False,1.0,0.0,1.0,0,0
p1_00154,153,time,simple,BAD_WRONG,AL,False,False,False,0.6666666666666666,1.0,1.0,1,0
p1_00155,154,monetary,simple,MEDIUM_CORRECT,,True,True,False,1.0,1.0,1.0,0,0
p1_00156,155,rate,simple,MEDIUM_CORRECT,,True,True,False,1.0,0.875,1.0,0,1
p1_00157,156,time,simple,MEDIUM_CORRECT,,True,True,False,1.0,0.0,1.0,0,0
p1_00158,157,monetary,complex,MEDIUM_CORRECT,,True,True,False,1.0,1.0,1.0,0,0
p1_00159,158,monetary,complex,GOOD,,True,True,False,1.0,1.0,1.0,0,0
p1_00160,159,monetary,simple,GOOD,,True,True,False,1.0,1.0,1.0,0,0
p1_00161,160,monetary,simple,GOOD,,True,True,False,1.0,1.0,1.0,0,0
p1_00162,161,counting,medium,MEDIUM_CORRECT,,True,True,False,0.6666666666666666,1.0,1.0,1,0
p1_00163,162,counting,medium,GOOD,,True,True,False,1.0,1.0,1.0,0,0
p1_00164,163,counting,complex,BAD_WRONG,AL,False,False,False,0.3333333333333333,1.0,0.7142857142857143,4,0
p1_00165,164,counting,simple,GOOD,,True,True,False,1.0,1.0,1.0,0,0
p1_00166,165,time,medium,MEDIUM_CORRECT,,True,True,False,1.0,1.0,1.0,0,0
p1_00167,166,time,simple,GOOD,,True,True,False,1.0,1.0,1.0,0,0
p1_00168,167,monetary,complex,MEDIUM_CORRECT,,True,True,False,1.0,1.0,1.0,0,0
p1_00169,168,logic,simple,MEDIUM_CORRECT,,True,True,False,0.0,0.5,1.0,0,1
p1_00170,169,time,simple,GOOD,,True,True,False,1.0,1.0,1.0,0,0
p1_00171,170,time,complex,MEDIUM_CORRECT,,True,True,False,1.0,1.0,1.0,0,0
p1_00172,171,monetary,complex,MEDIUM_CORRECT,,True,True,False,1.0,1.0,1.0,0,0
p1_00173,172,time,simple,MEDIUM_CORRECT,,True,True,False,1.0,0.0,1.0,0,0
p1_00174,173,counting,simple,GOOD,,True,True,False,1.0,1.0,1.0,0,0
p1_00175,174,time,simple,GOOD,,True,True,False,1.0,1.0,1.0,0,0
p1_00176,175,time,simple,GOOD,,True,True,False,1.0,1.0,1.0,0,0
p1_00177,176,counting,simple,GOOD,,True,True,False,1.0,1.0,1.0,0,0
p1_00178,177,counting,simple,GOOD,,True,True,False,1.0,1.0,1.0,0,0
p1_00179,178,monetary,medium,GOOD,,True,True,False,1.0,1.0,1.0,0,0
p1_00180,179,time,complex,MEDIUM_CORRECT,,True,True,False,0.8,1.0,1.0,1,0
p1_00181,180,counting,simple,GOOD,,True,True,False,1.0,1.0,1.0,0,0
p1_00182,181,counting,simple,MEDIUM_CORRECT,,True,True,False,0.5,1.0,1.0,2,0
p1_00183,182,counting,simple,MEDIUM_CORRECT,,True,True,False,1.0,0.6666666666666666,1.0,0,1
p1_00184,183,time,simple,MEDIUM_CORRECT,,True,True,False,1.0,0.3333333333333333,1.0,0,2
p1_00185,184,time,simple,MEDIUM_CORRECT,,True,True,False,1.0,0.0,1.0,0,0
p1_00186,185,counting,simple,MEDIUM_CORRECT,,True,True,False,1.0,1.0,1.0,0,0
p1_00187,186,counting,medium,BAD_WRONG,AL,False,False,False,0.0,1.0,1.0,4,0
p1_00188,187,rate,simple,GOOD,,True,True,False,1.0,1.0,1.0,0,0
p1_00189,188,monetary,simple,MEDIUM_CORRECT,,True,True,False,1.0,1.0,1.0,0,0
p1_00190,189,time,simple,BAD_WRONG,AL,False,True,True,1.0,0.7272727272727273,1.0,0,3
p1_00191,190,rate,simple,MEDIUM_CORRECT,,True,True,False,1.0,1.0,1.0,0,0
p1_00192,191,monetary,simple,GOOD,,True,True,False,1.0,1.0,1.0,0,0
p1_00193,192,counting,simple,MEDIUM_WRONG,AL,False,False,False,1.0,1.0,1.0,0,0
p1_00194,193,counting,simple,GOOD,,True,True,False,1.0,1.0,1.0,0,0
p1_00195,194,counting,medium,MEDIUM_CORRECT,,True,True,False,1.0,1.0,1.0,0,0
p1_00196,195,time,simple,BAD_WRONG,TR,False,True,True,1.0,1.0,1.0,0,0
p1_00197,196,counting,simple,GOOD,,True,True,False,1.0,1.0,1.0,0,0
p1_00198,197,counting,medium,MEDIUM_CORRECT,,True,True,False,1.0,1.0,1.0,0,0
p1_00199,198,time,simple,GOOD,,True,True,False,1.0,1.0,1.0,0,0
p1_00200,199,monetary,simple,GOOD,,True,True,False,1.0,1.0,1.0,0,0
p1_00201,200,counting,complex,BAD_WRONG,AL,False,True,True,0.6666666666666666,1.0,1.0,2,0
p1_00202,201,monetary,complex,GOOD,,True,True,False,1.0,1.0,1.0,0,0
p1_00203,202,monetary,complex,GOOD,,True,True,False,1.0,1.0,1.0,0,0
p1_00204,203,counting,simple,GOOD,,True,True,False,1.0,1.0,1.0,0,0
p1_00205,204,counting,simple,MEDIUM_CORRECT,,True,True,False,1.0,0.5,1.0,0,2
p1_00206,205,counting,simple,GOOD,,True,True,False,1.0,1.0,1.0,0,0
p1_00207,206,rate,simple,MEDIUM_CORRECT,,True,True,False,1.0,1.0,1.0,0,0
p1_00208,207,time,medium,BAD_WRONG,AL,False,False,False,1.0,1.0,1.0,0,0
p1_00209,208,monetary,medium,BAD_WRONG,TR,False,True,True,1.0,1.0,1.0,0,0
p1_00210,209,rate,simple,MEDIUM_CORRECT,,True,True,False,1.0,1.0,1.0,0,0
p1_00211,210,monetary,medium,MEDIUM_CORRECT,,True,True,False,1.0,1.0,1.0,0,0
p1_00212,211,counting,simple,GOOD,,True,True,False,1.0,1.0,1.0,0,0
p1_00213,212,counting,simple,MEDIUM_CORRECT,,True,True,False,1.0,1.0,1.0,0,0
p1_00214,213,time,simple,GOOD,,True,True,False,1.0,1.0,1.0,0,0
p1_00215,214,logic,simple,GOOD,,True,True,False,1.0,1.0,1.0,0,0
p1_00216,215,counting,simple,MEDIUM_CORRECT,,True,True,False,1.0,1.0,1.0,0,0
p1_00217,216,time,simple,GOOD,,True,True,False,1.0,1.0,1.0,0,0
p1_00218,217,monetary,complex,MEDIUM_CORRECT,,True,True,False,1.0,1.0,1.0,0,0
p1_00219,218,counting,simple,BAD_WRONG,AL,False,True,True,1.0,1.0,1.0,0,0
p1_00220,219,monetary,medium,MEDIUM_CORRECT,,True,True,False,1.0,0.0,1.0,0,0
p1_00221,220,time,simple,MEDIUM_CORRECT,,True,True,False,1.0,0.8333333333333334,1.0,0,1
p1_00222,221,time,simple,MEDIUM_CORRECT,,True,True,False,0.25,1.0,1.0,3,0
p1_00223,222,counting,medium,MEDIUM_CORRECT,,True,True,False,0.8,1.0,1.0,1,0
p1_00224,223,counting,simple,MEDIUM_CORRECT,,True,True,False,1.0,1.0,1.0,0,0
p1_00225,224,time,simple,GOOD,,True,True,False,1.0,1.0,1.0,0,0
p1_00226,225,time,simple,BAD_WRONG,TR,False,True,True,1.0,1.0,1.0,0,0
p1_00227,226,monetary,medium,MEDIUM_CORRECT,,True,True,False,1.0,1.0,1.0,0,0
p1_00228,227,time,complex,MEDIUM_CORRECT,,True,True,False,1.0,1.0,1.0,0,0
p1_00229,228,time,simple,GOOD,,True,True,False,1.0,1.0,1.0,0,0
p1_00230,229,counting,simple,GOOD,,True,True,False,1.0,1.0,1.0,0,0
p1_00231,230,time,medium,GOOD,,True,True,False,1.0,1.0,1.0,0,0
p1_00232,231,counting,simple,BAD_WRONG,AL,False,False,False,0.42857142857142855,1.0,1.0,4,0
p1_00233,232,monetary,simple,GOOD,,True,True,False,1.0,1.0,1.0,0,0
p1_00234,233,monetary,medium,MEDIUM_CORRECT,,True,True,False,1.0,1.0,1.0,0,0
p1_00235,234,monetary,simple,BAD_WRONG,UNCLASSIFIED,False,False,False,0.0,1.0,1.0,2,0
p1_00236,235,counting,simple,GOOD,,True,True,False,1.0,1.0,1.0,0,0
p1_00237,236,counting,simple,MEDIUM_WRONG,AL,False,False,False,0.5,1.0,1.0,1,0
p1_00238,237,monetary,simple,GOOD,,True,True,False,1.0,1.0,1.0,0,0
p1_00239,238,time,simple,MEDIUM_CORRECT,,True,True,False,1.0,1.0,1.0,0,0
p1_00240,239,time,simple,MEDIUM_CORRECT,,True,True,False,1.0,1.0,1.0,0,0
p1_00241,240,counting,simple,MEDIUM_CORRECT,,True,True,False,0.5,1.0,1.0,1,0
p1_00242,241,monetary,medium,GOOD,,True,True,False,1.0,1.0,1.0,0,0
p1_00243,242,monetary,medium,MEDIUM_CORRECT,,True,True,False,1.0,0.8888888888888888,1.0,0,1
p1_00244,243,counting,simple,BAD_WRONG,AL,False,False,False,0.0,0.0,1.0,1,3
p1_00245,244,counting,medium,MEDIUM_CORRECT,,True,True,False,0.8333333333333334,0.6666666666666666,1.0,1,1
p1_00246,245,time,simple,GOOD,,True,True,False,1.0,1.0,1.0,0,0
p1_00247,246,counting,medium,MEDIUM_CORRECT,,True,True,False,0.75,1.0,1.0,1,0
p1_00248,247,time,medium,MEDIUM_CORRECT,,True,True,False,1.0,1.0,1.0,0,0
p1_00249,248,counting,simple,MEDIUM_CORRECT,,True,True,False,1.0,0.0,1.0,0,0
p1_00250,249,counting,simple,MEDIUM_CORRECT,,True,True,False,1.0,1.0,1.0,0,0
